Opportunity Name,Level 2 Government,Bridge Name,Project Code,Stage,Sub-Stage,B2P Fiscal Year,latitude,longitude,Individuals Directly Served,Population Estimate 2000m
- Kikambajo - 1037598,Hoima,Kikambajo,1037598,Identified,,2021,1.636795,31.33357,,
Uganda - Kicalaca-Kanyatete - 1022733,Kabarole,Kicalaca-Kanyatete,1022733,Identified,Identified in Needs Assessment,2020,0.725351,30.293658,1820,
Uganda - Kakonkome - 1022735,Kabarole,Kakonkome,1022735,Identified,Identified in Needs Assessment,2020,0.681862,30.286775,7360,
Uganda - Magunga- Nyakagongo - 1022726,Kabarole,Magunga- Nyakagongo,1022726,Identified,Identified in Needs Assessment,2021,0.590396,30.203002,11150,
Uganda - Kikonge-Bwanika - 1022734,Kabarole,Kikonge-Bwanika,1022734,Identified,Identified in Needs Assessment,2020,0.703121,30.262914,4660,
Uganda - Kisakyabairu - 1022731,Kabarole,Kisakyabairu,1022731,Prospecting,,2022,0.66497,30.34284,6050,
Uganda - Mount Gessi - 1022738,Kabarole,Mount Gessi,1022738,Identified,Identified in Needs Assessment,2020,0.660638,30.149988,2177,
Uganda - Masaka-munsiso - 1022724,Kabarole,Masaka-munsiso,1022724,Complete,In Service,2022,0.862348,30.484131,11100,
Uganda - Karwoma - 1022728,Kabarole,Karwoma,1022728,Identified,Identified in Needs Assessment,2021,0.595394,30.178,4250,
Uganda - Kakundwa-Nyantaboma - 1022745,Kabarole,Kakundwa-Nyantaboma,1022745,Identified,Identified in Needs Assessment,2020,0.731018,30.305661,2000,
Uganda - Mugoma-kasindukwa - 1022725,Kabarole,Mugoma-kasindukwa,1022725,Identified,Identified in Needs Assessment,2020,0.681577,30.251207,1450,
Uganda - Kyeihembe-kijenga - 1022742,Kabarole,Kyeihembe-kijenga,1022742,Identified,Identified in Needs Assessment,2020,0.745246,30.339555,800,
Uganda - Kitaraka - 1015936,Kabale,Kitaraka,1015936,Rejected,Technical,2019,-1.126653,30.048267,18000,
Uganda - Busingye B - 1025803,Kabarole,Busingye B,1025803,Identified,Identified in Needs Assessment,2021,0.430056,30.307272,0,
Uganda - Buhara-Saaka - 1025797,Kabarole,Buhara-Saaka,1025797,Rejected,Technical,2021,0.701557,30.242663,0,
Uganda - Kyangabukama-Nyabikere - 1025801,Kabarole,Kyangabukama-Nyabikere,1025801,Identified,Identified in Needs Assessment,2021,0.493074,30.326706,0,
Uganda - Iruhuura-Kanyeriire - 1025799,Kabarole,Iruhuura-Kanyeriire,1025799,Identified,Identified in Needs Assessment,2021,0.465001,30.305085,0,
Uganda - Bwanika-Nyankwanzi - 1025796,Kabarole,Bwanika-Nyankwanzi,1025796,Identified,Identified in Needs Assessment,2021,0.722058,30.233111,0,
Uganda - Kishanda-kisegere - 1039081,Kanungu,Kishanda-kisegere,1039081,Complete,In Service,2023,-0.936912,29.657129,2090,
Uganda - Nabowa - 1013998,Bundibugyo,Nabowa,1013998,Identified,Identified in Needs Assessment,2019,0.660758,29.972717,1290,
Uganda - Kameme(kanungu)- Garuka(rukungiri) - 1039101,Kanungu,Kameme(kanungu)- Garuka(rukungiri),1039101,Identified,Identified in Needs Assessment,2023,-0.613461,29.740466,1480,
Uganda - Kanyangeye-Kisege - 1039088,Ntoroko,Kanyangeye-Kisege,1039088,Identified,Identified in Needs Assessment,2023,0.905942,30.230273,920,
Uganda - Kalengeja B - 1038748,Buliisa,Kalengeja B,1038748,Prospecting,,2023,1.769101,31.446347,0,
Uganda - Bushibuya Upper - 1011805,Bududa,Bushibuya Upper,1011805,Identified,Identified in Needs Assessment,2017,1.062098,34.40238,6000,13120
Uganda - Nyinabirere- musenyi A - 1044650,Kabale,Nyinabirere- musenyi A,1044650,Identified,Identified in Needs Assessment,2024,-1.459017,29.913755,1470,
Uganda - Kahondo S S - 1044648,Kabale,Kahondo S S,1044648,Identified,Identified in Needs Assessment,2024,-1.290838,30.152855,3000,
Uganda - Kanyamuningi - 1044555,Kyenjojo,Kanyamuningi,1044555,Rejected,Technical,2024,0.371791,30.622213,30000,
Uganda - KAGANDO 2 CELL - 1036888,Kasese,KAGANDO 2 CELL,1036888,Identified,Identified in Needs Assessment,2023,0.070146,29.910995,0,
Uganda - DUBAI - 1036883,Kasese,DUBAI,1036883,Identified,Identified in Needs Assessment,2023,0.076826,29.900453,0,
Uganda - KATHASENDA- KILHAMBAYIRO - 1036889,Kasese,KATHASENDA- KILHAMBAYIRO,1036889,Identified,Identified in Needs Assessment,2023,0.043354,29.850649,0,
Uganda - NYAKATSE - 1036890,Kasese,NYAKATSE,1036890,Identified,Identified in Needs Assessment,2023,0.092171,29.894541,0,
Uganda - NYAKATSE - 1036891,Kasese,NYAKATSE,1036891,Identified,Identified in Needs Assessment,2023,0.087095,29.897366,0,
Uganda - NGOME  KAJOROGHO - 1036893,Kasese,NGOME  KAJOROGHO,1036893,Identified,Identified in Needs Assessment,2023,0.098871,29.917701,0,
Uganda - Kiruruma - 1039096,Kiruhura,Kiruruma,1039096,Identified,Identified in Needs Assessment,2023,-0.723571,29.716605,3230,
Uganda - Omukarere - 1044651,Kabale,Omukarere,1044651,Identified,Identified in Needs Assessment,2024,-1.30694,30.151032,1700,
Uganda - Nyamitooma - 1044649,Kabale,Nyamitooma,1044649,Identified,Identified in Needs Assessment,2024,-1.423826,29.968972,1200,
- Papapi-kyamukwenda - 1037597,Hoima,Papapi-kyamukwenda,1037597,Identified,,2021,1.70499,31.333819,,
Uganda - Kapapi - 1037599,Hoima,Kapapi,1037599,Identified,Identified in Needs Assessment,2021,1.639781,31.340486,,
Uganda - Kyabayenze - 1015937,Kasese,Kyabayenze,1015937,Complete,In Service,2021,0.088369,29.741353,23416,
Uganda - Muchomo-Bunatondo - 1012297,Bududa,Muchomo-Bunatondo,1012297,Identified,Identified in Needs Assessment,2017,1.029264,34.39792,585,14666
Uganda - Mount Gessi audit ssc option - 1022843,Kabarole,Mount Gessi audit ssc option,1022843,Identified,Identified in Needs Assessment,2020,0.660786,30.150146,0,
Uganda - Mabaale- muyanja(kibaale) - 1038937,Kyegegwa,Mabaale- muyanja(kibaale),1038937,Identified,Identified in Needs Assessment,2023,0.704141,30.949423,4450,
Uganda - Kasili - 1012683,Bundibugyo,Kasili,1012683,Identified,Identified in Needs Assessment,2017,0.693256,29.974573,22500,5933
Uganda - Nyambaro - 1012749,Bundibugyo,Nyambaro,1012749,Identified,Identified in Needs Assessment,2017,0.674206,29.985053,,
Uganda - Bimara - 1012747,Bundibugyo,Bimara,1012747,Identified,Identified in Needs Assessment,2017,0.689072,30.07887,10000,
Uganda - Kibale 1 - 1012748,Bundibugyo,Kibale 1,1012748,Identified,Identified in Needs Assessment,2017,0.68098,30.070957,9200,
Uganda - Biibo - 1012745,Bundibugyo,Biibo,1012745,Rejected,Technical,2017,0.672019,30.08527,19400,
Uganda - Kamwam - 1011162,Kween,Kamwam,1011162,Identified,Identified in Needs Assessment,2017,1.410572,34.610469,8600,6851
Uganda - Rosti - 1011161,Kween,Rosti,1011161,Identified,Identified in Needs Assessment,2017,1.378749,34.648091,2450,7612
Uganda - Rwakasenyi - 1013585,Bundibugyo,Rwakasenyi,1013585,Identified,Identified in Needs Assessment,2019,0.891714,30.178511,1750,
Uganda - Kasumbelya - 1013817,Bundibugyo,Kasumbelya,1013817,Complete,,2022,0.642,30.000455,8218,
Uganda - Hamuyaga- buyaga - 1038885,Kyegegwa,Hamuyaga- buyaga,1038885,Identified,Identified in Needs Assessment,2023,0.632542,31.211681,450,
Uganda - Tuyobei - 1011084,Bukwa,Tuyobei,1011084,Complete,In Service,2020,1.439188,34.726114,1709,1066
Uganda - Buhara-Kitangira - 1025794,Kabarole,Buhara-Kitangira,1025794,Rejected,Technical,2021,0.701746,30.223653,0,
Uganda - Kyantambara-Twoto - 1025800,Kabarole,Kyantambara-Twoto,1025800,Identified,Identified in Needs Assessment,2021,0.49267,30.316441,0,
Uganda - Kihogo - 1025804,Kabarole,Kihogo,1025804,Identified,Identified in Needs Assessment,2021,0.452906,30.313568,0,
Uganda - Itojo- kakindo - 1039089,Ntoroko,Itojo- kakindo,1039089,Identified,Identified in Needs Assessment,2023,0.842671,30.236381,1110,
Uganda - Karusandara-Kikoonjo - 1039308,Kasese,Karusandara-Kikoonjo,1039308,Identified,Requested,2022,,,,
Uganda - Karujumba - 1014456,Kasese,Karujumba,1014456,Identified,Identified in Needs Assessment,2019,0.064435,29.911981,15755,
Uganda - Bundimbheku - 1013266,Bundibugyo,Bundimbheku,1013266,Identified,Identified in Needs Assessment,2017,0.758385,30.096467,1742,
Uganda - Sooko B -Kagorogoro - 1041011,Ibanda,Sooko B -Kagorogoro,1041011,Identified,Identified in Needs Assessment,2023,0.147966,30.560356,1740,
Uganda - Nyamarebe -Soweto - 1041010,Ibanda,Nyamarebe -Soweto,1041010,Rejected,Technical,2023,0.129619,30.535793,2420,
Uganda - Nyakitokoli A-Buhami - 1022743,Kabarole,Nyakitokoli A-Buhami,1022743,Identified,Identified in Needs Assessment,2020,0.6832,30.172702,0,
Uganda - Bulyambuzi B-Nyakabira - 1022741,Kabarole,Bulyambuzi B-Nyakabira,1022741,Identified,Identified in Needs Assessment,2020,0.764399,30.315507,1250,
Uganda - Nyataboma central-Kicalaca - 1022732,Kabarole,Nyataboma central-Kicalaca,1022732,Identified,Identified in Needs Assessment,2020,0.736377,30.297,0,
Uganda - Kitonya - 1022729,Kabarole,Kitonya,1022729,Identified,Identified in Needs Assessment,2020,0.612115,30.149292,4883,
Uganda - Kabasanja-Mwokya - 1022744,Kabarole,Kabasanja-Mwokya,1022744,Identified,Identified in Needs Assessment,2020,0.753969,30.347315,1600,
Uganda - Butulya upper bridge - 1022736,Kabarole,Butulya upper bridge,1022736,Rejected,Technical,2020,0.705787,30.183862,3980,
Uganda - Kamabale A- Kamabale B - 1022730,Kabarole,Kamabale A- Kamabale B,1022730,Rejected,Technical,2021,0.63191,30.157504,2724,
Uganda - Nybabuswa - 1022727,Kabarole,Nybabuswa,1022727,Rejected,Technical,2021,0.627926,30.166071,3500,
Uganda - Nyakasoha - 1013997,Bundibugyo,Nyakasoha,1013997,Identified,Identified in Needs Assessment,2019,0.665085,29.974431,1300,
Uganda - Shanzou-Nalufutu - 1012374,Bududa,Shanzou-Nalufutu,1012374,Identified,Identified in Needs Assessment,2017,1.040645,34.33537,2510,21562
Uganda - Mihani-Karichadi - 1014455,Kasese,Mihani-Karichadi,1014455,Complete,In Service,2022,0.464045,30.139073,5195,
Uganda - Bulyambuzi B-Buharani - 1022739,Kabarole,Bulyambuzi B-Buharani,1022739,Identified,Identified in Needs Assessment,2020,0.759376,30.307662,1850,
Uganda - Buhamwa-Kanyamura - 1022737,Kabarole,Buhamwa-Kanyamura,1022737,Rejected,Technical,2020,0.687546,30.174183,0,
Uganda - Bulega-mpinga - 1022740,Kabarole,Bulega-mpinga,1022740,Identified,Identified in Needs Assessment,2020,0.744009,30.317333,2300,
Uganda - Nyakanengo - 1022226,Rubirizi,Nyakanengo,1022226,Identified,Identified in Needs Assessment,2020,-0.170735,30.17835,1872,
Uganda - Bukyaba - 1022220,Rubirizi,Bukyaba,1022220,Identified,Identified in Needs Assessment,2020,-0.314403,30.092098,2000,
Uganda - Kyamuhamira-Itojo - 1039079,Ntoroko,Kyamuhamira-Itojo,1039079,Identified,Identified in Needs Assessment,2023,0.843757,30.220885,1865,
Uganda - Kataburaza cell - 1039099,Kanungu,Kataburaza cell,1039099,Identified,Identified in Needs Assessment,2023,-0.935014,29.630709,1270,
Uganda - Nazwazwa - 1011696,Bulambuli,Nazwazwa,1011696,Identified,Identified in Needs Assessment,2017,1.212136,34.394997,9300,11856
Uganda - Namalemu - 1012054,Bududa,Namalemu,1012054,Identified,Identified in Needs Assessment,2017,0.987674,34.306409,570,14387
Uganda - Kikuyu - 1011474,Bulambuli,Kikuyu,1011474,Complete,In Service,2020,1.273242,34.312632,2521,5742
Uganda - Kidibo - 1011473,Bulambuli,Kidibo,1011473,Identified,Identified in Needs Assessment,2017,1.252943,34.329206,8800,9469
Uganda - Shikho-Nakalwa - 1012296,Bududa,Shikho-Nakalwa,1012296,Identified,Identified in Needs Assessment,2017,1.042445,34.407845,405,12323
Uganda - Lunza-Shibumba - 1012050,Bududa,Lunza-Shibumba,1012050,Identified,Identified in Needs Assessment,2017,1.054546,34.343935,4190,26505
Uganda - Kemawa - 1011594,Kapchorwa,Kemawa,1011594,Identified,Identified in Needs Assessment,2017,1.32593,34.3454,700,11127
Uganda - Chesoyen - 1011593,Kapchorwa,Chesoyen,1011593,Identified,Identified in Needs Assessment,2017,1.31696,34.36053,600,11773
Uganda - Rwembogo- Rushambuye - 1038888,Kyegegwa,Rwembogo- Rushambuye,1038888,Identified,Identified in Needs Assessment,2023,0.28099,30.8896,2670,
Uganda - Sabiny Kaptokwoy - 1010459,Kapchorwa,Sabiny Kaptokwoy,1010459,Identified,Identified in Needs Assessment,2017,1.3790778,34.4580097,,8685
Uganda - Sanzara - 1010460,Kapchorwa,Sanzara,1010460,Complete,In Service,2020,1.373657,34.3343225,1730,1880
Uganda - Rushango - 1025838,Ibanda,Rushango,1025838,Identified,Identified in Needs Assessment,2021,0.148178,30.560468,0,
Uganda - KANYAMPARA WATER CHANNEL 11 - 1036878,Kasese,KANYAMPARA WATER CHANNEL 11,1036878,Identified,Identified in Needs Assessment,2023,0.035902,29.857091,0,
Uganda - KEMANGO  NYAMUTOTO - 1036887,Kasese,KEMANGO  NYAMUTOTO,1036887,Identified,Identified in Needs Assessment,2023,0.022898,29.856564,0,
Uganda - BUKANGARA KYESERO 2 - 1036884,Kasese,BUKANGARA KYESERO 2,1036884,Identified,Identified in Needs Assessment,2023,0.00871,29.814928,0,
Uganda - KANYAMPARA  MIDDLE - 1036886,Kasese,KANYAMPARA  MIDDLE,1036886,Identified,Identified in Needs Assessment,2023,0.031104,29.868645,0,
Uganda - NKUNYU I - 1036880,Kasese,NKUNYU I,1036880,Identified,Identified in Needs Assessment,2023,0.02403,29.84045,0,
Uganda - LYAKIREMA 11 NYAKASOJO - 1036879,Kasese,LYAKIREMA 11 NYAKASOJO,1036879,Identified,Identified in Needs Assessment,2023,0.031185,29.808621,0,
Uganda - NYABIRONGO - 1036881,Kasese,NYABIRONGO,1036881,Identified,Identified in Needs Assessment,2023,0.069131,29.871359,0,
Uganda - NYAKASOJO  KYABIRUNGU - 1036885,Kasese,NYAKASOJO  KYABIRUNGU,1036885,Identified,Identified in Needs Assessment,2023,0.032395,29.814517,0,
Uganda - NYAKATSE - 1036882,Kasese,NYAKATSE,1036882,Identified,Identified in Needs Assessment,2023,0.094603,29.893158,0,
Uganda - Rweygenyi - 1044652,Kabale,Rweygenyi,1044652,Rejected,Technical,2024,-1.233164,30.156179,9,
Uganda - Kitooma-Nyamasoga - 1044561,Kyenjojo,Kitooma-Nyamasoga,1044561,Identified,Identified in Needs Assessment,2024,0.779182,30.548953,90,
Uganda - Nyakitokoli b second site - 1022859,Kabarole,Nyakitokoli b second site,1022859,Rejected,Technical,2020,0.687056,30.174623,0,
Uganda - Mount Gessi Alternate Location - 1022862,Kabarole,Mount Gessi Alternate Location,1022862,Identified,Identified in Needs Assessment,2020,0.661233,30.150787,0,
Uganda - Nyankilo - 1012960,Bundibugyo,Nyankilo,1012960,Identified,Identified in Needs Assessment,2017,0.735176,30.059877,,
Uganda - Kawuswo - 1011085,Bukwa,Kawuswo,1011085,Complete,In Service,2020,1.419135,34.72236,1374,27
Uganda - Chemukun - 1011087,Bukwa,Chemukun,1011087,Identified,Identified in Needs Assessment,2017,1.283875,34.699737,3900,7342
Uganda - Sungora - 1011086,Bukwa,Sungora,1011086,Identified,Identified in Needs Assessment,2017,1.280194,34.708485,3900,7648
Uganda - Atikili - 1011083,Bukwa,Atikili,1011083,Identified,Identified in Needs Assessment,2017,1.402592,34.712112,4000,11
Uganda - Kapoko-Burama - 1014650,Kasese,Kapoko-Burama,1014650,Identified,Identified in Needs Assessment,2019,0.214105,30.039798,4700,
Uganda - Nyakaka-Buhati - 1014651,Kasese,Nyakaka-Buhati,1014651,Identified,Identified in Needs Assessment,2019,0.472357,30.093033,6000,
Uganda - COMPASSION - 1036872,Kasese,COMPASSION,1036872,Identified,Identified in Needs Assessment,2023,0.098281,29.740045,0,
Uganda - KATHOLHU KIHAGHURA - 1036874,Kasese,KATHOLHU KIHAGHURA,1036874,Identified,Identified in Needs Assessment,2023,-0.013707,29.771137,0,
Uganda - NYAMUSULE IHANDIRO - 1036867,Kasese,NYAMUSULE IHANDIRO,1036867,Identified,Identified in Needs Assessment,2023,0.091797,29.776594,0,
Uganda - MALABA - 1036869,Kasese,MALABA,1036869,Identified,Identified in Needs Assessment,2023,0.104166,29.73709,0,
Uganda - KABANDYA - 1036868,Kasese,KABANDYA,1036868,Identified,Identified in Needs Assessment,2023,0.117068,29.784565,0,
Uganda - KATHASENDA  KASUNGU - 1036870,Kasese,KATHASENDA  KASUNGU,1036870,Identified,Identified in Needs Assessment,2023,0.037928,29.846857,0,
Uganda - Biwa - 1011804,Sironko,Biwa,1011804,Identified,Identified in Needs Assessment,2017,1.192809,34.303274,33000,8428
Uganda - Bsuhe - 1037305,Kalungu,Bsuhe,1037305,Identified,,2021,,,,
Uganda - Buwambwa Chesoma - 1008793,Namisindwa,Buwambwa Chesoma,1008793,Identified,Identified in Needs Assessment,2017,0.884084,34.406513,2000,15241
Uganda - Rugarama 1023074 audit - 1023311,Ibanda,Rugarama 1023074 audit,1023311,Identified,Identified in Needs Assessment,2020,,,0,
Uganda - Mirambi - 1021825,Ibanda,Mirambi,1021825,Identified,Identified in Needs Assessment,2020,-0.126645,30.422006,24900,
Uganda - Lyambwe - 1013267,Bundibugyo,Lyambwe,1013267,Identified,Identified in Needs Assessment,2017,0.732674,30.10893,8295,
Uganda - Kaleyaleya II - 1012968,Bundibugyo,Kaleyaleya II,1012968,Identified,Identified in Needs Assessment,2017,0.635027,30.030583,3550,
Uganda - Nkisya - 1013291,Bundibugyo,Nkisya,1013291,Identified,Identified in Needs Assessment,2018,0.799587,30.146764,500,
Uganda - Mitunda - 1013821,Bundibugyo,Mitunda,1013821,Identified,Identified in Needs Assessment,2019,0.614398,29.991385,1900,
Uganda - Kabingo-Busingo - 1014458,Kasese,Kabingo-Busingo,1014458,Identified,Identified in Needs Assessment,2019,0.150543,29.926509,6000,
Uganda - Lhume-Gatyanga - 1036851,Kasese,Lhume-Gatyanga,1036851,Identified,Identified in Needs Assessment,2021,0.375295,30.204147,0,
Uganda - Kaswa-Mbata - 1036854,Kasese,Kaswa-Mbata,1036854,Identified,Identified in Needs Assessment,2021,0.42759,30.102894,0,
Uganda - Nyabubale - Mubuku Prison - 1036852,Kasese,Nyabubale - Mubuku Prison,1036852,Identified,Identified in Needs Assessment,2021,0.247111,30.144712,0,
Uganda - Kalhubulha - 1036856,Kasese,Kalhubulha,1036856,Identified,Identified in Needs Assessment,2021,0.430342,30.169275,0,
Uganda - Bwesumbu 2 - Kabatunda 2 - 1036855,Kasese,Bwesumbu 2 - Kabatunda 2,1036855,Identified,Identified in Needs Assessment,2021,0.427928,30.144296,0,
Uganda - KYAMAKUNGU - 1036853,Kasese,KYAMAKUNGU,1036853,Identified,Identified in Needs Assessment,2023,0.109207,29.932376,0,
Uganda - Kasilingi-Gatyanga - 1036850,Kasese,Kasilingi-Gatyanga,1036850,Identified,Identified in Needs Assessment,2021,0.376899,30.199969,0,
Uganda - Ibunda - 1026002,Kasese,Ibunda,1026002,Identified,Identified in Needs Assessment,2021,0.39827,30.095476,0,
Uganda - Kibumba-Kabuyiri - 1025981,Kasese,Kibumba-Kabuyiri,1025981,Identified,Identified in Needs Assessment,2021,0.343093,30.105057,0,
Uganda - Butera - 1026005,Kasese,Butera,1026005,Identified,Identified in Needs Assessment,2021,0.394115,30.133835,0,
Uganda - Nyangere-Katebe - 1025980,Kasese,Nyangere-Katebe,1025980,Identified,Identified in Needs Assessment,2021,0.34525,30.124218,0,
Uganda - Sinai-Kinyabwamba - 1025999,Kasese,Sinai-Kinyabwamba,1025999,Identified,Identified in Needs Assessment,2021,0.321499,30.147008,0,
Uganda - Bukhatsa - 1011590,Bukhalu,Bukhatsa,1011590,Rejected,Technical,2019,1.308002,34.241758,3358,2931
Uganda - Maaba - 1012295,Bududa,Maaba,1012295,Identified,Identified in Needs Assessment,2017,0.996547,34.37058,695,17350
Uganda - Matuba - 1011475,Bulambuli,Matuba,1011475,Identified,Identified in Needs Assessment,2017,1.280827,34.314366,2780,5747
Uganda - Mulyasabu - 1036860,Kasese,Mulyasabu,1036860,Identified,Identified in Needs Assessment,2021,0.357672,30.064732,0,
Uganda - Kibuga - 1036857,Kasese,Kibuga,1036857,Identified,Identified in Needs Assessment,2021,0.234287,30.178211,0,
Uganda - Nyambuku - 1036859,Kasese,Nyambuku,1036859,Identified,Identified in Needs Assessment,2021,0.354563,30.067922,0,
Uganda - Kisebere-kinone - 1041134,Kasese,Kisebere-kinone,1041134,Identified,Requested,2023,0.118933,29.755611,11669,
Uganda - Kapoko-kabwe - 1041136,Kasese,Kapoko-kabwe,1041136,Ready to Confirm,,2023,0.214428,30.039868,1150,
Uganda - Kanyogoga-Bugoloobi bangalow - 1025575,Kampala,Kanyogoga-Bugoloobi bangalow,1025575,Prospecting,,2023,0.304449,32.619833,30500,
Uganda - Laigong - 1011289,Kween,Laigong,1011289,Rejected,,2019,1.356256,34.50558,3250,8339
Uganda - Kapchemelei - 1011290,Kween,Kapchemelei,1011290,Identified,Identified in Needs Assessment,2020,1.359521,34.522313,3550,6869
Uganda - Kitaka-karokalungi - 1025840,Ibanda,Kitaka-karokalungi,1025840,Identified,Identified in Needs Assessment,2024,-0.121584,30.297479,0,
Uganda - Kabingo kibathi - 1041135,Kasese,Kabingo kibathi,1041135,Confirmed,,2023,0.150647,29.926455,17482,
Uganda - Ntaraga - 1042646,Rukiga,Ntaraga,1042646,Identified,Identified in Needs Assessment,2024,-1.088575,30.014854,910,
Uganda - Biwawa- Bukimaswa - 1042476,Bududa,Biwawa- Bukimaswa,1042476,Identified,Identified in Needs Assessment,2023,1.049512,34.384994,1600,
Uganda - Hakatoma- kyabashaho - 1042841,Kabale,Hakatoma- kyabashaho,1042841,Identified,Identified in Needs Assessment,2024,-1.250716,30.073432,2900,
Uganda - Kalebya II - 1012964,Bundibugyo,Kalebya II,1012964,Rejected,Technical,2017,0.684517,30.090303,1880,
Uganda - Kabira- Nyakaina - 1042651,Rukiga,Kabira- Nyakaina,1042651,Identified,Identified in Needs Assessment,2024,-1.234743,30.177013,500,
Uganda - Kama - UG101,Mbale,Kama,UG101,Complete,In Service,2018,1.11633,34.25246,5280,16243
Uganda - Kanyabugunga-Kabwema - 1042754,Rukiga,Kanyabugunga-Kabwema,1042754,Identified,Identified in Needs Assessment,2024,-1.035622,29.960792,4100,
Uganda - katohire - 1042835,Kabale,katohire,1042835,Identified,Identified in Needs Assessment,2024,-1.304815,30.103335,7000,
Uganda - Katanda 1- Kakindo A - 1022222,Rubirizi,Katanda 1- Kakindo A,1022222,Identified,Identified in Needs Assessment,2020,-0.225961,30.172146,8242,
Uganda - Kazaroho - 1013819,Bundibugyo,Kazaroho,1013819,Identified,Identified in Needs Assessment,2019,0.583917,29.971551,1600,
Uganda - Kitibya - 1042840,Kabale,Kitibya,1042840,Identified,Identified in Needs Assessment,2024,-1.290181,30.047202,4800,
Uganda - Omukisyama-Nyanja trading center - 1042842,Kabale,Omukisyama-Nyanja trading center,1042842,Identified,Identified in Needs Assessment,2024,-1.28817,30.094482,3600,
Uganda - Nyakanengo - 1042752,Rukiga,Nyakanengo,1042752,Identified,Identified in Needs Assessment,2024,-1.184254,30.113938,1600,
Uganda - Kidibo- Namwenje - 1042474,Bulambuli,Kidibo- Namwenje,1042474,Identified,Identified in Needs Assessment,2023,1.253142,34.329432,34200,
Uganda - Rubi - 1011803,Sironko,Rubi,1011803,Rejected,Technical,2017,1.132371,34.421984,,3244
Uganda - St. Joseph's bridge - 1011082,Bukwa,St. Joseph's bridge,1011082,Identified,Identified in Needs Assessment,2017,1.297243,34.746294,11000,6235
Uganda - Kamabwe - 1036858,Kasese,Kamabwe,1036858,Identified,Identified in Needs Assessment,2021,0.351061,30.073315,0,
Uganda - Kihanga- Ruhitta - 1042846,Kabale,Kihanga- Ruhitta,1042846,Identified,Identified in Needs Assessment,2024,-1.402487,30.037742,4350,
Uganda - Mukokye kahondo - 1042836,Kabale,Mukokye kahondo,1042836,Identified,Identified in Needs Assessment,2024,-1.338786,30.163179,1450,
Uganda - Karujabura - 1042844,Kabale,Karujabura,1042844,Identified,Identified in Needs Assessment,2024,-1.26516,29.969911,2566,
Uganda - Karuwe - 1039077,Ntoroko,Karuwe,1039077,Identified,Identified in Needs Assessment,2023,0.740607,30.196921,1590,
Uganda - Kahondo Church - Nyamwirima - 1042839,Kabale,Kahondo Church - Nyamwirima,1042839,Identified,Identified in Needs Assessment,2024,-1.293,30.15263,2400,
Uganda - Rwatamakara - 1042753,Rukiga,Rwatamakara,1042753,Prospecting,,2024,-1.142506,30.08878,3400,
Uganda - Bunyanga- Bumwalye - 1042482,Bududa,Bunyanga- Bumwalye,1042482,Identified,Identified in Needs Assessment,2023,1.031987,34.36931,1600,
Uganda - Nkondo A - Nkondo B - 1043216,Rubirizi,Nkondo A - Nkondo B,1043216,Identified,Identified in Needs Assessment,2024,-0.290064,30.082289,2020,
Uganda - Nyakanengo- Nyakahitta - 1043211,Rubirizi,Nyakanengo- Nyakahitta,1043211,Identified,Identified in Needs Assessment,2024,-0.166482,30.178766,2015,
Uganda - Kibira-Samazi - 1042475,Bulambuli,Kibira-Samazi,1042475,Identified,Identified in Needs Assessment,2023,1.285081,34.304173,5200,
Uganda - Kabirizi- Nyangorogoro - 1043214,Rubirizi,Kabirizi- Nyangorogoro,1043214,Rejected,,2024,-0.276036,30.142681,370,
Uganda - Nyakahitta - 1042652,Kabale,Nyakahitta,1042652,Identified,Identified in Needs Assessment,2024,-1.393311,29.969235,,
Uganda - Kihongorwa- Kicwamba - 1038887,Kyegegwa,Kihongorwa- Kicwamba,1038887,Identified,Identified in Needs Assessment,2023,0.695889,30.971645,3020,
Uganda - Mpulya - 1013292,Bundibugyo,Mpulya,1013292,Identified,Identified in Needs Assessment,2018,0.800634,30.138757,1512,
Uganda - Kasulenge II - 1013264,Bundibugyo,Kasulenge II,1013264,Identified,Identified in Needs Assessment,2017,0.737634,30.100656,1670,
Uganda - Waaki West- lokawaki ( kapapi subcounty) - 1038785,Buliisa,Waaki West- lokawaki ( kapapi subcounty),1038785,Identified,Identified in Needs Assessment,2023,1.721079,31.374273,6850,
Uganda - Rufula - 1013815,Bundibugyo,Rufula,1013815,Identified,Identified in Needs Assessment,2019,0.711685,30.06621,1400,
Uganda - Ntagata - 1013822,Bundibugyo,Ntagata,1013822,Identified,Identified in Needs Assessment,2019,0.613734,29.979797,1950,
Uganda - Kyabarungi-Kayongo(biiso t/c) - 1038820,Buliisa,Kyabarungi-Kayongo(biiso t/c),1038820,Identified,Identified in Needs Assessment,2023,1.740875,31.428679,0,
Uganda - Mburakasaka - 1013587,Kasese,Mburakasaka,1013587,Identified,Identified in Needs Assessment,2019,0.186533,30.030177,2650,
Uganda - Mugume - 1038791,Buliisa,Mugume,1038791,Complete,,2023,1.731617,31.3768,3096,
Uganda - Waaki East - 1038817,Buliisa,Waaki East,1038817,Identified,Identified in Needs Assessment,2023,1.705923,31.384239,0,
Uganda - MUNKUNYU 11 KEMANGO - 1026039,Kasese,MUNKUNYU 11 KEMANGO,1026039,Identified,Identified in Needs Assessment,2023,0.020771,29.850035,0,
Uganda - Kinyabwamba Lower - Sinai - 1025987,Kasese,Kinyabwamba Lower - Sinai,1025987,Identified,Identified in Needs Assessment,2021,0.318519,30.151438,0,
Uganda - Kasojo-Kinyamwenge - 1026000,Kasese,Kasojo-Kinyamwenge,1026000,Identified,Identified in Needs Assessment,2021,0.292831,30.171791,0,
Uganda - Ibunda-Kinyangwa - 1026001,Kasese,Ibunda-Kinyangwa,1026001,Identified,Identified in Needs Assessment,2021,0.401466,30.095778,0,
Uganda - KISEBERE PRIMARY SCHOOL - 1026020,Kasese,KISEBERE PRIMARY SCHOOL,1026020,Identified,Identified in Needs Assessment,2023,0.118978,29.755668,0,
Uganda - MUHINDI KIGHUTHU - 1026023,Kasese,MUHINDI KIGHUTHU,1026023,Identified,Identified in Needs Assessment,2023,0.049084,29.813406,0,
Uganda - DOLF - 1026027,Kasese,DOLF,1026027,Identified,Identified in Needs Assessment,2023,0.076043,29.89759,0,
Uganda - KYAMPARA   KAMUKUMBI - 1026029,Kasese,KYAMPARA   KAMUKUMBI,1026029,Identified,Identified in Needs Assessment,2023,0.009269,29.748408,0,
Uganda - MURUGA - 1026037,Kasese,MURUGA,1026037,Identified,Identified in Needs Assessment,2023,0.08068,29.90038,0,
Uganda - NYAKATSE - 1026041,Kasese,NYAKATSE,1026041,Identified,Identified in Needs Assessment,2023,0.105788,29.897304,0,
Uganda - BURUMBIKA  TO IHANURA - 1026012,Kasese,BURUMBIKA  TO IHANURA,1026012,Identified,Identified in Needs Assessment,2023,0.114932,29.914496,0,
Uganda - KANYAMPARA 1 - 1026026,Kasese,KANYAMPARA 1,1026026,Identified,Identified in Needs Assessment,2023,0.042318,29.858419,0,
Uganda - KAGANDO- KARUJUMBA - 1026038,Kasese,KAGANDO- KARUJUMBA,1026038,Identified,Identified in Needs Assessment,2023,0.064652,29.911983,0,
Uganda - BUYAGHA - 1026013,Kasese,BUYAGHA,1026013,Identified,Identified in Needs Assessment,2023,0.110779,29.915023,0,
Uganda - KIRIMWIHANGO - 1026018,Kasese,KIRIMWIHANGO,1026018,Identified,Identified in Needs Assessment,2023,0.018187,29.750094,0,
Uganda - MADEBE - 1026031,Kasese,MADEBE,1026031,Identified,Identified in Needs Assessment,2023,0.031779,29.855496,0,
Uganda - KIGHUTHU - 1026030,Kasese,KIGHUTHU,1026030,Identified,Identified in Needs Assessment,2023,0.048897,29.813093,0,
Uganda - PADDY KABAGAMBI - 1026021,Kasese,PADDY KABAGAMBI,1026021,Identified,Identified in Needs Assessment,2023,0.088755,29.746801,0,
Uganda - KYAMINYAWANDI- KYESERO - 1026022,Kasese,KYAMINYAWANDI- KYESERO,1026022,Identified,Identified in Needs Assessment,2023,-0.000017,29.813577,0,
Uganda - KATHIKALI - 1026024,Kasese,KATHIKALI,1026024,Identified,Identified in Needs Assessment,2023,-0.030712,29.803757,0,
Uganda - KYABISORO KITSUTSU - 1026025,Kasese,KYABISORO KITSUTSU,1026025,Identified,Identified in Needs Assessment,2023,0.015589,29.813419,0,
Uganda - NKUNYU 11 KEMANGO - 1026033,Kasese,NKUNYU 11 KEMANGO,1026033,Identified,Identified in Needs Assessment,2023,0.01971,29.846355,0,
Uganda - Katindo-Rwenzori - 1025983,Kasese,Katindo-Rwenzori,1025983,Identified,Identified in Needs Assessment,2021,0.327778,30.08444,0,
Uganda - Mirimbo-Kisamba II - 1025984,Kasese,Mirimbo-Kisamba II,1025984,Identified,Identified in Needs Assessment,2021,0.313134,30.055958,0,
Uganda - Butebuya-Kagando - 1025992,Kasese,Butebuya-Kagando,1025992,Identified,Identified in Needs Assessment,2021,0.350077,30.150403,0,
Uganda - Kasenyi - 1026004,Kasese,Kasenyi,1026004,Identified,Identified in Needs Assessment,2021,0.395094,30.126927,0,
Uganda - Katooke 1 - Kinyangoye - 1025985,Kasese,Katooke 1 - Kinyangoye,1025985,Identified,Identified in Needs Assessment,2021,0.257728,30.076722,0,
Uganda - Kikoka-Rwesande - 1026007,Kasese,Kikoka-Rwesande,1026007,Identified,Identified in Needs Assessment,2021,0.387763,30.148532,0,
Uganda - KANYAMPARA  DOING - 1026036,Kasese,KANYAMPARA  DOING,1026036,Identified,Identified in Needs Assessment,2023,0.041356,29.85145,0,
Uganda - COMPASSION - 1026042,Kasese,COMPASSION,1026042,Identified,Identified in Needs Assessment,2023,0.065598,29.871038,0,
Uganda - KAMBALA - 1026043,Kasese,KAMBALA,1026043,Identified,Identified in Needs Assessment,2023,0.023428,29.848451,0,
Uganda - KARAMBI  DEN - 1026034,Kasese,KARAMBI  DEN,1026034,Identified,Identified in Needs Assessment,2023,0.028409,29.857984,0,
Uganda - Kaghando-Butabuya - 1025998,Kasese,Kaghando-Butabuya,1025998,Identified,Identified in Needs Assessment,2021,0.348409,30.149782,0,
Uganda - MUROHO - 1026019,Kasese,MUROHO,1026019,Identified,Identified in Needs Assessment,2023,0.095858,29.760961,0,
Uganda - BWENGO  KATHOLHU - 1026028,Kasese,BWENGO  KATHOLHU,1026028,Rejected,Technical,2023,-0.019547,29.772325,0,
Uganda - KITSUTSU  - NYAKASOJO - 1026032,Kasese,KITSUTSU  - NYAKASOJO,1026032,Identified,Identified in Needs Assessment,2023,0.022374,29.81342,0,
Uganda - KEMANGO  KACUNGIRO - 1026035,Kasese,KEMANGO  KACUNGIRO,1026035,Identified,Identified in Needs Assessment,2023,0.021101,29.857893,0,
Uganda - NYABIRONGO 1 - 1026040,Kasese,NYABIRONGO 1,1026040,Identified,Identified in Needs Assessment,2023,0.070728,29.87478,0,
Uganda - Nyakabale-Gatyanga - 1025986,Kasese,Nyakabale-Gatyanga,1025986,Identified,Identified in Needs Assessment,2021,0.379175,30.198456,0,
Uganda - Kyarugomoka-Izinga - 1025993,Kasese,Kyarugomoka-Izinga,1025993,Identified,Identified in Needs Assessment,2021,0.31149,30.104902,0,
Uganda - Kizenga(kanungu)-kitare(rubanda) - 1039080,Kanungu,Kizenga(kanungu)-kitare(rubanda),1039080,Identified,Identified in Needs Assessment,2023,-1.009582,29.785871,1650,
Uganda - Katwa cell - 1039095,Kanungu,Katwa cell,1039095,Identified,Identified in Needs Assessment,2023,-0.876436,29.743232,2510,
Uganda - Kisege-kasozi - 1039090,Ntoroko,Kisege-kasozi,1039090,Identified,Identified in Needs Assessment,2023,0.924188,30.249651,940,
Uganda - BUSINGO - 1036892,Kasese,BUSINGO,1036892,Identified,Identified in Needs Assessment,2023,0.150698,29.926481,0,
Uganda - Tabagon - 1017617,Kween,Tabagon,1017617,Complete,In Service,2020,1.421969,34.546568,1245,
- Kijuura - 1037609,Buliisa,Kijuura,1037609,Identified,,2021,1.748107,31.446271,,
Uganda - Kyamukwere - 1037608,Hoima,Kyamukwere,1037608,Identified,,2021,,,,
Uganda - Nyakalengijo-Bikone - 1014459,Kasese,Nyakalengijo-Bikone,1014459,Identified,Identified in Needs Assessment,2019,0.343699,30.039744,4000,
Uganda - Bundinamandi - 1013999,Bundibugyo,Bundinamandi,1013999,Identified,Identified in Needs Assessment,2019,0.671205,29.963053,1760,
Uganda - Karujumba re assessment - 1024494,Kasese,Karujumba re assessment,1024494,Identified,Identified in Needs Assessment,2021,,,0,
Uganda - Aryowet - 1021288,Bukwo,Aryowet,1021288,Complete,In Service,2021,1.390363,34.700049,1666,
Uganda - Nyakabugha-Bikone - 1014457,Kasese,Nyakabugha-Bikone,1014457,Identified,Identified in Needs Assessment,2019,0.341503,30.052577,19265,
Uganda - Nyambuku-Kyanya - 1036865,Kasese,Nyambuku-Kyanya,1036865,Identified,Identified in Needs Assessment,2021,0.333542,30.084256,0,
Uganda - Kikoga-Nyakakindo - 1036866,Kasese,Kikoga-Nyakakindo,1036866,Identified,Identified in Needs Assessment,2021,0.251201,30.198658,0,
Uganda - Kahondo-Kitangira - 1025798,Kabarole,Kahondo-Kitangira,1025798,Rejected,Technical,2021,0.706855,30.220562,0,
Uganda - Kaburakucumba - 1025805,Kabarole,Kaburakucumba,1025805,Identified,Identified in Needs Assessment,2021,0.454251,30.312693,0,
Uganda - Kisenyi- kyangabukama - 1044562,Kyenjojo,Kisenyi- kyangabukama,1044562,Identified,Identified in Needs Assessment,2024,0.798422,30.58818,350,
Uganda - Nyamiyaga-Kanyandahi - 1044564,Kyenjojo,Nyamiyaga-Kanyandahi,1044564,Identified,Identified in Needs Assessment,2024,0.538058,30.660614,21500,
Uganda - Karuruma - 1044554,Kyenjojo,Karuruma,1044554,Rejected,Technical,2024,0.396664,30.649165,0,
Uganda - Kyasaagi-Mabale - 1044558,Kyenjojo,Kyasaagi-Mabale,1044558,Identified,Identified in Needs Assessment,2024,0.696083,30.465678,610,
Uganda - Kyetegyeka- Kajumbura - 1021783,Ibanda,Kyetegyeka- Kajumbura,1021783,Identified,Identified in Needs Assessment,2020,-0.176814,30.530784,15200,
Uganda - Ndoragi 1- Nyamirima lower - 1021784,Ibanda,Ndoragi 1- Nyamirima lower,1021784,Complete,In Service,2022,-0.1880372,30.5292606,13100,
Uganda - Nyinendugu - 1021782,Ibanda,Nyinendugu,1021782,Identified,Identified in Needs Assessment,2020,-0.14743,30.498804,14400,
Uganda - Kifurugutu- Butebe - 1044653,Kabale,Kifurugutu- Butebe,1044653,Identified,Identified in Needs Assessment,2024,-1.359362,29.899284,2700,
Uganda - Kapcheropta - 1011115,Kween,Kapcheropta,1011115,Identified,Identified in Needs Assessment,2017,1.403085,34.512145,2400,6460
Uganda - Chepyakaniet - 1011119,Kween,Chepyakaniet,1011119,Identified,Identified in Needs Assessment,2017,1.418745,34.559869,920,6388
Uganda - Kaptare - 1011124,Kween,Kaptare,1011124,Identified,Identified in Needs Assessment,2017,1.422577,34.5918,6000,7799
Uganda - Kureny - 1011120,Kween,Kureny,1011120,Identified,Identified in Needs Assessment,2017,1.421071,34.590966,2206,8108
Uganda - Kira - 1011114,Bukwa,Kira,1011114,Identified,Identified in Needs Assessment,2017,1.280886,34.676986,1500,5268
Uganda - Kosowon - 1011117,Kween,Kosowon,1011117,Identified,,2019,1.405069,34.527525,1900,7128
Uganda - Korya - 1011116,Kween,Korya,1011116,Complete,In Service,2021,1.410182,34.500075,1160,4853
Uganda - Cheptandan - 1011113,Bukwa,Cheptandan,1011113,Identified,Identified in Needs Assessment,2017,1.282686,34.689458,3000,7033
Uganda - Moyok - 1011122,Kween,Moyok,1011122,Identified,Identified in Needs Assessment,2017,1.41137,34.6265,2900,5665
Uganda - Bugema - 1011123,Kween,Bugema,1011123,Identified,Identified in Needs Assessment,2017,1.407526,34.595461,3500,8257
Uganda - Kisamutongole-kikokwa - 1044557,Kyenjojo,Kisamutongole-kikokwa,1044557,Identified,Identified in Needs Assessment,2024,0.652686,30.485228,2500,
Uganda - Kibaale-katambale - 1044559,Kyenjojo,Kibaale-katambale,1044559,Identified,Identified in Needs Assessment,2024,0.834645,30.540668,3350,
Uganda - Kanena- kijebere - 1044560,Kyenjojo,Kanena- kijebere,1044560,Identified,Identified in Needs Assessment,2024,0.779446,30.764551,2505,
Uganda - Muchwamba - 1044556,Kyenjojo,Muchwamba,1044556,Rejected,Technical,2024,0.656734,30.454709,8,
Uganda - Kisamutongole- enyanja etagera - 1044563,Kyenjojo,Kisamutongole- enyanja etagera,1044563,Identified,Identified in Needs Assessment,2024,0.662973,30.470145,270,
- Katumba - 1037595,Buliisa,Katumba,1037595,Identified,,2021,1.762106,31.437281,,
Uganda - Kwerebera-kakindo 2 bridge - 1022227,Ibanda,Kwerebera-kakindo 2 bridge,1022227,Identified,Identified in Needs Assessment,2020,-0.115367,30.283261,8500,
Uganda - Kibenze-Nyabwina - 1026009,Kasese,Kibenze-Nyabwina,1026009,Identified,Identified in Needs Assessment,2021,0.40786,30.183009,0,
Uganda - Kasambya - 1026006,Kasese,Kasambya,1026006,Identified,Identified in Needs Assessment,2021,0.38009,30.12006,0,
Uganda - Banyal - 1011118,Kween,Banyal,1011118,Complete,In Service,2020,1.423756,34.549231,1489,5195
Uganda - Kahama-Ndaragi - 1041111,Rukungiri,Kahama-Ndaragi,1041111,Complete,,2023,-0.94088,29.868137,2850,
Uganda - Bumate-Bugombwa - 1013814,Bundibugyo,Bumate-Bugombwa,1013814,Identified,Identified in Needs Assessment,2019,0.688192,30.066011,1140,
Uganda - Buyaya I - 1012970,Bundibugyo,Buyaya I,1012970,Rejected,Technical,2017,0.750878,30.111937,,
Uganda - Shikholo - 1011850,Bududa,Shikholo,1011850,Rejected,Technical,2017,1.072313,34.383775,,13885
Uganda - Waaki west-lokowaki - 1038790,Buliisa,Waaki west-lokowaki,1038790,Complete,In Service,2023,1.725489,31.378287,2900,
Uganda - Manafwa - 1012298,Bududa,Manafwa,1012298,Identified,Identified in Needs Assessment,2017,1.014449,34.372193,1040,19669
Uganda - Kapsabuko - 1011595,Kapchorwa,Kapsabuko,1011595,Identified,Identified in Needs Assessment,2017,1.3669172,34.3483679,350,3409
Uganda - Namaili - 1011806,Bududa,Namaili,1011806,Identified,Identified in Needs Assessment,2017,1.052837,34.388716,3500,20245
Uganda - Bubiita-Lunza - 1012294,Bududa,Bubiita-Lunza,1012294,Rejected,Technical,2017,1.000727,34.362663,11900,20303
Uganda - Namomolo - 1012052,Bududa,Namomolo,1012052,Identified,Identified in Needs Assessment,2017,1.034709,34.330458,1600,17925
Uganda - Mbigi - 1011582,Bulambuli,Mbigi,1011582,Rejected,Vehicular Bridge Required,2020,1.314375,34.312385,2700,8074
Uganda - Kibiisi - 1012051,Bududa,Kibiisi,1012051,Identified,Identified in Needs Assessment,2017,1.059712,34.350364,1430,25216
Uganda - Kisana-bubisi - 1038886,Kyegegwa,Kisana-bubisi,1038886,Identified,Identified in Needs Assessment,2023,0.608696,31.113404,2330,
Uganda - Makwola-Busu - 1012684,Bundibugyo,Makwola-Busu,1012684,Rejected,Technical,2017,0.677802,29.982817,,10873
Uganda - Bundiwerume - 1012961,Bundibugyo,Bundiwerume,1012961,Identified,Identified in Needs Assessment,2017,0.726095,30.066533,2063,
Uganda - Resort - 1011583,Bulambuli,Resort,1011583,Identified,Identified in Needs Assessment,2017,1.278543,34.318153,7900,5589
Uganda - Rwanda - 1015528,Bukwo,Rwanda,1015528,Complete,In Service,2019,1.283832,34.726981,1742,
Uganda - Ngenge - 1018566,Kween,Ngenge,1018566,Identified,Identified in Needs Assessment,2020,1.358779,34.521656,1302,
Uganda - Maliba 1 - Kakindo - 1025982,Kasese,Maliba 1 - Kakindo,1025982,Identified,Identified in Needs Assessment,2021,0.32044,30.099706,0,
Uganda - Kigaramire - 1014460,Kasese,Kigaramire,1014460,Identified,Identified in Needs Assessment,2019,0.266854,30.109818,16200,
Uganda - Nyamiranga - 1037610,Hoima,Nyamiranga,1037610,Identified,,2021,1.646585,31.331162,0,
- Kitagasa - 1037607,Hoima,Kitagasa,1037607,Identified,,2021,1.353684,31.224303,,
Uganda - Kayanja 3 - 1039078,Ntoroko,Kayanja 3,1039078,Identified,Identified in Needs Assessment,2023,0.924297,30.176304,1962,
Uganda - Katanda 1- kakindo C - 1022223,Rubirizi,Katanda 1- kakindo C,1022223,Identified,Identified in Needs Assessment,2020,-0.227783,30.174238,5858,
Uganda - SELESTINE - 1036876,Kasese,SELESTINE,1036876,Identified,Identified in Needs Assessment,2023,0.034742,29.856901,0,
Uganda - NYAKATSE - 1036877,Kasese,NYAKATSE,1036877,Identified,Identified in Needs Assessment,2023,0.082716,29.899499,0,
Uganda - KYABIKEKURU - 1036871,Kasese,KYABIKEKURU,1036871,Identified,Identified in Needs Assessment,2023,0.115718,29.759679,0,
Uganda - LYAKIREMA 1 - 1036873,Kasese,LYAKIREMA 1,1036873,Identified,Identified in Needs Assessment,2023,0.031527,29.808948,0,
Uganda - KAMAHANGA - 1036875,Kasese,KAMAHANGA,1036875,Identified,Identified in Needs Assessment,2023,0.065165,29.873469,0,
Uganda - Kisungwa - 1036861,Kasese,Kisungwa,1036861,Identified,Identified in Needs Assessment,2021,0.360185,30.063894,0,
Uganda - Nganda- Bubwe - 1038749,Buliisa,Nganda- Bubwe,1038749,Complete,,2023,1.777943,31.4328,3254,
Uganda - Kapkwomboloi - 1011592,Kapchorwa,Kapkwomboloi,1011592,Complete,In Service,2019,1.3947033,34.3742902,693,1602
Uganda - Rwobuhungye -Mirambi - 1023079,Ibanda,Rwobuhungye -Mirambi,1023079,Identified,Identified in Needs Assessment,2021,-0.21521,30.454859,5722,
Uganda - Bururuma - 1023080,Ibanda,Bururuma,1023080,Identified,Identified in Needs Assessment,2021,0.033434,30.599913,7882,
Uganda - Karangara-Rwemerire - 1023082,Ibanda,Karangara-Rwemerire,1023082,Identified,Identified in Needs Assessment,2021,-0.059566,30.525787,4223,
Uganda - Mogondo-Kakuuto 3 - 1023085,Ibanda,Mogondo-Kakuuto 3,1023085,Identified,Identified in Needs Assessment,2021,-0.031115,30.570408,0,
Uganda - Rugarama 1 - 1023074,Ibanda,Rugarama 1,1023074,Identified,Identified in Needs Assessment,2021,-0.287358,30.437223,0,
Uganda - Rujumbura-Kayanja - 1023075,Ibanda,Rujumbura-Kayanja,1023075,Identified,Identified in Needs Assessment,2021,-0.249153,30.498536,2431,
Uganda - Rwatibale-Kashangura - 1023087,Ibanda,Rwatibale-Kashangura,1023087,Identified,Identified in Needs Assessment,2021,-0.040117,30.451417,0,
Uganda - Buwashi Lower - 1012299,Bududa,Buwashi Lower,1012299,Identified,Identified in Needs Assessment,2017,1.007974,34.371642,2050,18662
- Mpigiza - 1037606,Hoima,Mpigiza,1037606,Identified,,2021,1.327931,31.400082,,
- Kacungiro - 1037596,Hoima,Kacungiro,1037596,Identified,,2021,,,,
- Kibambura - 1037591,Buliisa,Kibambura,1037591,Identified,,2021,2.124192,31.436144,,
- Kyambara - 1037635,Hoima,Kyambara,1037635,Identified,,2021,,,,
Uganda - Kapchesombe - 1008713,Kapchorwa,Kapchesombe,1008713,Identified,Identified in Needs Assessment,2017,1.335333,34.3862343,,13078
Uganda - Bukesa - 1008714,Kapchorwa,Bukesa,1008714,Identified,Identified in Needs Assessment,2017,1.3125645,34.3942527,500,7837
Uganda - Sabiny Chebeser - 1008715,Kapchorwa,Sabiny Chebeser,1008715,Identified,Identified in Needs Assessment,2017,1.3427421,34.3957163,,9550
Uganda - Kwomo - 1008716,Kapchorwa,Kwomo,1008716,Identified,Identified in Needs Assessment,2017,1.3664325,34.4041691,,5442
Uganda - Chemosong - 1008717,Kapchorwa,Chemosong,1008717,Identified,Identified in Needs Assessment,2017,1.3922682,34.3852152,,2834
Uganda - Bukisasati - 1008718,Namisindwa,Bukisasati,1008718,Identified,Identified in Needs Assessment,2017,0.84923,34.387787,3500,14507
Uganda - Bukhisoni - 1008719,Namisindwa,Bukhisoni,1008719,Identified,Identified in Needs Assessment,2017,0.88088,34.39049,4000,17558
Uganda - Namikhana - 1008720,Namisindwa,Namikhana,1008720,Identified,Identified in Needs Assessment,2017,0.84634,34.384735,,13842
Uganda - Tingu - 1008721,Namisindwa,Tingu,1008721,Identified,Identified in Needs Assessment,2017,0.8743283,34.398895,,17930
Uganda - Bukhaleke - 1008722,Manafwa,Bukhaleke,1008722,Identified,Identified in Needs Assessment,2017,0.85037,34.381465,1500,14693
Uganda - Kisilwa - 1008723,Manafwa,Kisilwa,1008723,Identified,Identified in Needs Assessment,2017,0.8612017,34.4225626,,12102
Uganda - Buwatsala - 1008724,Namisindwa,Buwatsala,1008724,Identified,Identified in Needs Assessment,2017,0.885873,34.39583,,14812
Uganda - Khanyunyi - 1008726,Mbale,Khanyunyi,1008726,Identified,Identified in Needs Assessment,2018,1.047237,34.229627,,16158
Uganda - Gibuzale - 1008728,Bulambuli,Gibuzale,1008728,Identified,Identified in Needs Assessment,2018,1.283067,34.390517,,10731
Uganda - Belegali - 1008730,Mbale,Belegali,1008730,Identified,Identified in Needs Assessment,2018,1.068767,34.22943,1000,14123
Uganda - Busirima - 1008731,Sironko,Busirima,1008731,Identified,Identified in Needs Assessment,2018,1.13205,34.33905,3000,11330
Uganda - Muyembe - 1008732,Sironko,Muyembe,1008732,Identified,Identified in Needs Assessment,2018,1.151083,34.3333,,10197
Uganda - Sonoli - 1008733,Sironko,Sonoli,1008733,Identified,Identified in Needs Assessment,2012,1.171083,34.30702,,10546
Uganda - Kibembe - 1008734,Sironko,Kibembe,1008734,Complete,In Service,2019,1.2043,34.28912,1791,8503
Uganda - Sililwa - 1008735,Namisindwa,Sililwa,1008735,Identified,Identified in Needs Assessment,2020,0.856349,34.4201456,1769,11400
Uganda - Bunamulingi - 1008736,Namisindwa,Bunamulingi,1008736,Identified,Identified in Needs Assessment,2018,0.888166,34.4204057,500,9805
Uganda - Kadebede - 1008737,Mbale,Kadebede,1008737,Identified,Identified in Needs Assessment,2018,1.154733,34.184383,,11862
Uganda - Kapkwai - 1008786,Kapchorwa,Kapkwai,1008786,Identified,Identified in Needs Assessment,2017,1.3544149,34.4150586,1000,3376
Uganda - Masagala - 1008788,Sironko,Masagala,1008788,Identified,Identified in Needs Assessment,2017,1.0964,34.2191,,15899
Uganda - Namunapa - 1008789,Namisindwa,Namunapa,1008789,Identified,Identified in Needs Assessment,2017,0.9334,34.30785,,11374
Uganda - Bulako - 1008791,Namisindwa,Bulako,1008791,Identified,Identified in Needs Assessment,2017,0.8719014,34.3194187,500,10122
Uganda - Siyantsa - 1008792,Namisindwa,Siyantsa,1008792,Identified,Identified in Needs Assessment,2017,0.9198909,34.3204144,,13548
Uganda - Sisiyi - 1008766,Bulambuli,Sisiyi,1008766,Identified,Identified in Needs Assessment,2018,1.2567,34.39007,,6319
Uganda - Nakazuku - 1008768,Bulambuli,Nakazuku,1008768,Identified,Identified in Needs Assessment,2017,1.2449,34.3588,,14061
Uganda - Nalumba - 1008769,Bulambuli,Nalumba,1008769,Identified,Identified in Needs Assessment,2017,1.28925,35.355083,,0
Uganda - Namisuni - Gamogo - 1008770,Bulambuli,Namisuni - Gamogo,1008770,Identified,Identified in Needs Assessment,2017,1.2985,34.363083,,11669
Uganda - Namdongo - 1008771,Bulambuli,Namdongo,1008771,Identified,Identified in Needs Assessment,2017,1.294633,34.37535,300,11951
Uganda - Bubwabala - 1008772,Bulambuli,Bubwabala,1008772,Identified,Identified in Needs Assessment,2018,1.38565,34.300517,750,2710
Uganda - Bulumela - 1008773,Bulambuli,Bulumela,1008773,Identified,Identified in Needs Assessment,2018,0.44365,34.312067,100,0
Uganda - Bulako Cheputi - 1008774,Bulambuli,Bulako Cheputi,1008774,Identified,Identified in Needs Assessment,2018,1.39775,34.35115,700,1301
Uganda - Nangoma - 1008775,Bududa,Nangoma,1008775,Identified,Identified in Needs Assessment,2017,0.9812,34.282617,,10407
Uganda - Namakhokolo - 1008776,Bududa,Namakhokolo,1008776,Complete,In Service,2018,0.978583,34.280483,4000,10114
Uganda - Bumakika - 1008777,Bududa,Bumakika,1008777,Identified,Identified in Needs Assessment,2018,1.001833,34.303088,150,15541
Uganda - Bukhayiyi - 1008778,Bududa,Bukhayiyi,1008778,Identified,Identified in Needs Assessment,2018,1.005285,34.307622,1800,16058
Uganda - Bubikhulu - 1008779,Bududa,Bubikhulu,1008779,Identified,Identified in Needs Assessment,2018,1.008497,34.307297,1500,16008
Uganda - Namawukulu - 1008780,Bududa,Namawukulu,1008780,Complete,In Service,2018,1.004485,34.4016731,1300,11363
Uganda - Matiri - 1008781,Bududa,Matiri,1008781,Identified,Identified in Needs Assessment,2017,1.01281,34.304267,,15694
Uganda - Bumalende - 1008782,Bududa,Bumalende,1008782,Identified,Identified in Needs Assessment,2018,1.01538,34.301837,5000,14991
Uganda - Bunamwamba - 1008783,Bududa,Bunamwamba,1008783,Identified,Identified in Needs Assessment,2018,0.984685,34.304173,2000,13705
Uganda - Nametsi - 1008784,Bududa,Nametsi,1008784,Identified,Identified in Needs Assessment,2017,1.036177,34.421605,,7158
Uganda - Butsebangwe - 1008785,Bududa,Butsebangwe,1008785,Identified,Identified in Needs Assessment,2018,1.004555,34.403775,500,11112
Uganda - Bumula - 1008741,Namisindwa,Bumula,1008741,Identified,Identified in Needs Assessment,2018,0.89265,34.332517,2000,12627
Uganda - Wekobosa - 1008742,Namisindwa,Wekobosa,1008742,Identified,Identified in Needs Assessment,2020,0.90965,34.319567,3301,11842
Uganda - Namisuni - 1008743,Namisindwa,Namisuni,1008743,Identified,Identified in Needs Assessment,2017,0.859017,34.378723,,16359
Uganda - Namwenula - 1008744,Namisindwa,Namwenula,1008744,Identified,Identified in Needs Assessment,2017,0.8605383,34.3870217,,16556
Uganda - Lwanda - 1008745,Namisindwa,Lwanda,1008745,Identified,Identified in Needs Assessment,2017,0.86696,34.38754,,17797
Uganda - Kisekere - 1008746,Namisindwa,Kisekere,1008746,Identified,Identified in Needs Assessment,2018,0.87172,34.385675,,18285
Uganda - Khasula - 1008747,Namisindwa,Khasula,1008747,Identified,Identified in Needs Assessment,2018,0.87643,34.381873,,18386
Uganda - Mufutu - 1008748,Namisindwa,Mufutu,1008748,Identified,Identified in Needs Assessment,2018,0.87336,34.375845,,18026
Uganda - Natsekhe - 1008749,Namisindwa,Natsekhe,1008749,Identified,Identified in Needs Assessment,2017,0.89112,34.3839417,,13890
Uganda - Sibumba - 1008750,Namisindwa,Sibumba,1008750,Identified,Identified in Needs Assessment,2017,0.8865783,34.3701883,,17110
Uganda - Buwambwa Nambwa - 1008751,Namisindwa,Buwambwa Nambwa,1008751,Identified,Identified in Needs Assessment,2018,0.8827583,34.3703517,2200,17446
Uganda - Bukituma - 1008752,Namisindwa,Bukituma,1008752,Identified,Identified in Needs Assessment,2018,0.876361,34.401335,9000,17496
Uganda - Bunamajye - 1008753,Mbale,Bunamajye,1008753,Identified,Identified in Needs Assessment,2018,1.106367,34.2491,15000,21066
Uganda - Cheoli - 1008754,Namisindwa,Cheoli,1008754,Identified,Identified in Needs Assessment,2018,1.078933,34.16706,,70719
Uganda - Sango Nekina - 1008755,Manafwa,Sango Nekina,1008755,Identified,Identified in Needs Assessment,2017,0.8496,34.240133,,7924
Uganda - Bukalamya - 1008756,Manafwa,Bukalamya,1008756,Identified,Identified in Needs Assessment,2018,0.79476,34.277295,1500,4515
Uganda - Matunga - 1008757,Manafwa,Matunga,1008757,Identified,Identified in Needs Assessment,2018,0.9343,34.233617,,8026
Uganda - Bumasale - 1008758,Manafwa,Bumasale,1008758,Identified,Identified in Needs Assessment,2018,0.92475,34.2345,2000,8207
Uganda - Bunekoye - 1008759,Manafwa,Bunekoye,1008759,Identified,Identified in Needs Assessment,2018,0.811033,34.2658,1000,6399
Uganda - Buwanyeza - 1008760,Manafwa,Buwanyeza,1008760,Identified,Identified in Needs Assessment,2018,0.841833,34.301367,,9857
Uganda - Nasyanda - 1008761,Manafwa,Nasyanda,1008761,Identified,Identified in Needs Assessment,2017,0.812568,34.263817,,6430
Uganda - Tongole - 1008762,Manafwa,Tongole,1008762,Complete,In Service,2019,1.937883,34.2691,3000,0
Uganda - Bumwango - 1008763,Manafwa,Bumwango,1008763,Identified,Identified in Needs Assessment,2018,0.9423,34.294717,1500,11411
Uganda - Mungasa - 1008764,Manafwa,Mungasa,1008764,Identified,Identified in Needs Assessment,2018,0.955983,34.28955,,14376
Uganda - Bunekesa - 1008765,Manafwa,Bunekesa,1008765,Identified,Identified in Needs Assessment,2020,0.959983,34.296867,3439,12956
Uganda - Rwatibale audit 1023087 - 1023315,Ibanda,Rwatibale audit 1023087,1023315,Identified,Identified in Needs Assessment,2020,,,0,
Uganda - Rwenda 1023083 audit - 1023312,Ibanda,Rwenda 1023083 audit,1023312,Identified,Identified in Needs Assessment,2020,,,0,
Uganda - Mogondo 1023085 - 1023313,Ibanda,Mogondo 1023085,1023313,Identified,Identified in Needs Assessment,2020,,,0,
Uganda - Katiri bridge - 1024478,Kasese,Katiri bridge,1024478,Identified,Identified in Needs Assessment,2021,0.197593,30.015778,0,
Uganda - Kihyo-Kahando - 1024488,Kasese,Kihyo-Kahando,1024488,Identified,Identified in Needs Assessment,2021,0.355903,30.150896,0,
Uganda - Masule B- Kyanjuki - 1024477,Kasese,Masule B- Kyanjuki,1024477,Rejected,,2020,,,0,
Uganda - Mitswamba-Maliba - 1024487,Kasese,Mitswamba-Maliba,1024487,Identified,Identified in Needs Assessment,2021,0.348308,30.149929,0,
Uganda - Kalumanga- Kasanga - 1024489,Kasese,Kalumanga- Kasanga,1024489,Identified,Identified in Needs Assessment,2021,0.336884,30.154143,0,
Uganda - Kabwe- Kapoko - 1024479,Kasese,Kabwe- Kapoko,1024479,Identified,Identified in Needs Assessment,2021,0.214307,30.039388,0,
Uganda - Kashangura - 1023078,Ibanda,Kashangura,1023078,Identified,Identified in Needs Assessment,2021,-0.062238,30.43596,2105,
Uganda - Rwemigina - 1023077,Ibanda,Rwemigina,1023077,Identified,Identified in Needs Assessment,2021,-0.109694,30.569906,0,
Uganda - Kanyongoga - 1040805,Kampala,Kanyongoga,1040805,Identified,Identified in Needs Assessment,2022,0.304341,32.619811,25,
Uganda - Ireme-kashagazi - 1023081,Ibanda,Ireme-kashagazi,1023081,Rejected,Technical,2021,-0.04336,30.54021,3858,
Uganda - Kakuuto bridge - 1023084,Ibanda,Kakuuto bridge,1023084,Identified,Identified in Needs Assessment,2021,-0.043582,30.568198,0,
Uganda - Rwenda bridge - 1023083,Ibanda,Rwenda bridge,1023083,Identified,Identified in Needs Assessment,2021,-0.210705,30.426929,0,
Uganda - Kitontoma-Nsasi - 1023076,Ibanda,Kitontoma-Nsasi,1023076,Identified,Identified in Needs Assessment,2021,-0.090735,30.525903,0,
Uganda - Kitooro 1-rugando - 1023086,Ibanda,Kitooro 1-rugando,1023086,Identified,Identified in Needs Assessment,2021,0.045227,30.538538,2680,
Uganda - Buloba-Kitoko - 1025996,Kasese,Buloba-Kitoko,1025996,Identified,Identified in Needs Assessment,2021,0.369789,30.081199,0,
Uganda - Isandalla-Nyamitooma - 1040609,Kyegegwa,Isandalla-Nyamitooma,1040609,Confirmed,,2023,0.544167,30.986111,3459,
Uganda - Butswa-Nyakarambi - 1026008,Kasese,Butswa-Nyakarambi,1026008,Identified,Identified in Needs Assessment,2021,0.42026,30.176746,0,
Uganda - Masule - Kyanjuki - 1013586,Kasese,Masule - Kyanjuki,1013586,Rejected,,2020,0.221417,29.997567,,
Uganda - Kihyo-Kagando - 1025991,Kasese,Kihyo-Kagando,1025991,Identified,Identified in Needs Assessment,2021,0.35339,30.149908,0,
Uganda - Kihumuro B-kitomwire - 1022982,Kibaale,Kihumuro B-kitomwire,1022982,Complete,In Service,2021,1.14271,30.87988,9924,
Uganda - Nyamabare RHS_ Ndaragi LHS - 1041113,Rukungiri,Nyamabare RHS_ Ndaragi LHS,1041113,Rejected,Technical,2023,-0.936782,29.866854,4342,
Uganda - Muwelo-Kiryamutaka - 1025994,Kasese,Muwelo-Kiryamutaka,1025994,Identified,Identified in Needs Assessment,2021,0.356128,30.095765,0,
Uganda - Kaptenis - 1011151,Kween,Kaptenis,1011151,Rejected,Technical,2017,1.511343,34.67978,3100,31
Uganda - Nyimei - 1011152,Kween,Nyimei,1011152,Identified,Identified in Needs Assessment,2020,1.430213,34.718882,1072,209
Uganda - Posha - 1011154,Kween,Posha,1011154,Complete,In Service,2020,1.372294,34.566279,3380,8642
Uganda - Bunamwamba Main - 1012300,Bududa,Bunamwamba Main,1012300,Identified,Identified in Needs Assessment,2017,1.005258,34.395825,1820,12082
Uganda - Bunabumali - 1012302,Bududa,Bunabumali,1012302,Identified,Identified in Needs Assessment,2017,1.000075,34.38777,1470,11295
Uganda - Kwosir - 1011153,Kween,Kwosir,1011153,Identified,Identified in Needs Assessment,2017,1.386142,34.583367,16000,8499
Uganda - Ahakabaale-Nyakanengo - 1025839,Ibanda,Ahakabaale-Nyakanengo,1025839,Identified,Identified in Needs Assessment,2021,0.095771,30.565531,0,
Uganda - Bundimulinga- Kijumbu - 1025075,Bundibugyo,Bundimulinga- Kijumbu,1025075,Complete,In Service,2022,0.673549,29.996557,23520,
Uganda - Chemuron - 1021307,Bukwo,Chemuron,1021307,Complete,In Service,2022,1.416775,34.748919,1211,
Uganda - Busaiga B - 1025721,Kabarole,Busaiga B,1025721,Rejected,Technical,2023,0.733175,30.252315,0,
Uganda - Mandako - 1025728,Kabarole,Mandako,1025728,Identified,Identified in Needs Assessment,2023,0.656335,30.193829,0,
Uganda - Nyakarongo - 1025733,Kabarole,Nyakarongo,1025733,Identified,Identified in Needs Assessment,2024,0.690652,30.1795,0,
Uganda - Kihinda A- Mitoomi - 1025734,Kabarole,Kihinda A- Mitoomi,1025734,Identified,Identified in Needs Assessment,2023,0.709437,30.184958,0,
Uganda - Kyanetemba-Katika - 1025715,Kabarole,Kyanetemba-Katika,1025715,Identified,Identified in Needs Assessment,2023,0.504007,30.268756,0,
Uganda - Nyansozi-Kidukuru - 1025709,Kabarole,Nyansozi-Kidukuru,1025709,Rejected,Technical,2021,0.640003,30.250785,0,
Uganda - Busaiga- Geme - 1025718,Kabarole,Busaiga- Geme,1025718,Rejected,Technical,2023,0.73486,30.247866,0,
Uganda - Harugongo-kikonge A - 1025723,Kabarole,Harugongo-kikonge A,1025723,Identified,Identified in Needs Assessment,2023,0.709731,30.269785,0,
Uganda - Kalhonge-Mayiboze - 1025995,Kasese,Kalhonge-Mayiboze,1025995,Identified,Identified in Needs Assessment,2021,0.376211,30.077556,0,
Uganda - Isule-Kihindi - 1025997,Kasese,Isule-Kihindi,1025997,Identified,Identified in Needs Assessment,2021,0.360334,30.091732,0,
Uganda - Kahemura- Akololoa - 1040955,Buliisa,Kahemura- Akololoa,1040955,Identified,Identified in Needs Assessment,2023,1.744313,31.419939,0,
Uganda - Bukumi2 - 1040954,Buliisa,Bukumi2,1040954,Identified,Identified in Needs Assessment,2023,1.756311,31.386124,0,
Uganda - Itutwe A- Itutwe K - 1040946,Buliisa,Itutwe A- Itutwe K,1040946,Identified,Identified in Needs Assessment,2023,1.746958,31.391526,0,
Uganda - Sambye 2 - 1040950,Buliisa,Sambye 2,1040950,Identified,Identified in Needs Assessment,2022,2.124358,31.434485,0,
Uganda - KYABITABA - 1040951,Kasese,KYABITABA,1040951,Identified,Identified in Needs Assessment,2023,0.151665,29.9639,0,
Uganda - Nkondo A- Nkondo B - 1022221,Rubirizi,Nkondo A- Nkondo B,1022221,Identified,Identified in Needs Assessment,2020,-0.289979,30.082394,6850,
Uganda - Bunabubulo Shabakhana - 1008739,Mbale,Bunabubulo Shabakhana,1008739,Identified,Identified in Needs Assessment,2018,1.041863,34.234617,1050,13313
Uganda - Bumutsola - 1008740,Namisindwa,Bumutsola,1008740,Identified,Identified in Needs Assessment,2018,0.79408,34.312397,750,8049
Uganda - Rwesande II - Kahondo - 1026010,Kasese,Rwesande II - Kahondo,1026010,Identified,Identified in Needs Assessment,2021,0.392178,30.140182,0,
Uganda - Kagera-angolyero - 1040956,Buliisa,Kagera-angolyero,1040956,Identified,Identified in Needs Assessment,2023,1.745345,31.404113,0,
Uganda - KIBIRIGHA 2 - 1040952,Kasese,KIBIRIGHA 2,1040952,Identified,Identified in Needs Assessment,2023,0.155479,29.964936,0,
Uganda - Kenkorogo - 1040958,Ibanda,Kenkorogo,1040958,Identified,Identified in Needs Assessment,2021,-0.244177,30.505305,1480,
Uganda - Bukumi - 1040947,Buliisa,Bukumi,1040947,Identified,Identified in Needs Assessment,2022,1.764117,31.385767,0,
Uganda - Garasoya A- Akimwe - 1040957,Buliisa,Garasoya A- Akimwe,1040957,Identified,Identified in Needs Assessment,2023,1.735088,31.431266,0,
Uganda - Mureefu - 1025860,Ibanda,Mureefu,1025860,Identified,Identified in Needs Assessment,2021,0.017306,30.455856,0,
Uganda - Kashwiiga-Kikafunda-Rwambu - 1025863,Ibanda,Kashwiiga-Kikafunda-Rwambu,1025863,Identified,Identified in Needs Assessment,2021,0.046618,30.429797,0,
Uganda - Katojo 2 - Karituusi - 1025857,Ibanda,Katojo 2 - Karituusi,1025857,Identified,Identified in Needs Assessment,2021,0.009157,30.5831,0,
Uganda - Rwenkuba-Kyabwanshwa - 1025864,Ibanda,Rwenkuba-Kyabwanshwa,1025864,Identified,Identified in Needs Assessment,2021,0.009637,30.398234,0,
Uganda - Rushambya-Karituusi - 1025859,Ibanda,Rushambya-Karituusi,1025859,Identified,Identified in Needs Assessment,2021,0.019754,30.586157,0,
Uganda - Kabaale-Kisense - 1025883,Ibanda,Kabaale-Kisense,1025883,Identified,Identified in Needs Assessment,2024,-0.242803,30.481807,0,
Uganda - Rwakamugamba - 1025858,Ibanda,Rwakamugamba,1025858,Identified,Identified in Needs Assessment,2021,0.026819,30.591351,0,
Uganda - Kalungu-Heritage - 1025886,Kampala,Kalungu-Heritage,1025886,Prospecting,,2023,0.280717,32.617694,22400,
Uganda - Kiruli 1A - Katebe 1 - 1025979,Kasese,Kiruli 1A - Katebe 1,1025979,Identified,Identified in Needs Assessment,2021,0.346467,30.132992,0,
Uganda - Kahembe-Kasanga - 1025988,Kasese,Kahembe-Kasanga,1025988,Identified,Identified in Needs Assessment,2021,0.332089,30.150926,0,
Uganda - Kalumanga-Kasanga - 1025989,Kasese,Kalumanga-Kasanga,1025989,Identified,Identified in Needs Assessment,2021,0.336607,30.153652,0,
Uganda - Muzahura-Kagando - 1025990,Kasese,Muzahura-Kagando,1025990,Identified,Identified in Needs Assessment,2021,0.355856,30.151001,0,
Uganda - Kuruhe - Bughendera Health Centre II - 1026003,Kasese,Kuruhe - Bughendera Health Centre II,1026003,Identified,Identified in Needs Assessment,2021,0.395715,30.106299,0,
Uganda - Birongo 3 - Kagango 2 - 1025861,Ibanda,Birongo 3 - Kagango 2,1025861,Identified,Identified in Needs Assessment,2021,0.02417,30.455347,0,
Uganda - Kiryabisoro-Kaburishokye - 1025865,Ibanda,Kiryabisoro-Kaburishokye,1025865,Identified,Identified in Needs Assessment,2021,0.014845,30.402506,0,
Uganda - Nyankwanzi-Kihinda - 1025795,Kabarole,Nyankwanzi-Kihinda,1025795,Identified,Identified in Needs Assessment,2021,0.719402,30.221048,0,
Uganda - Kyantambara-Rwiigo - 1025802,Kabarole,Kyantambara-Rwiigo,1025802,Identified,Identified in Needs Assessment,2021,0.493721,30.30151,0,
Uganda - Kisabo 1 - 1025843,Ibanda,Kisabo 1,1025843,Identified,Identified in Needs Assessment,2023,-0.158912,30.361206,0,
Uganda - Mutuure - 1025844,Ibanda,Mutuure,1025844,Identified,Identified in Needs Assessment,2023,-0.172347,30.372726,0,
Uganda - Kwerebera - 1025841,Ibanda,Kwerebera,1025841,Identified,Identified in Needs Assessment,2024,-0.115069,30.283477,0,
Uganda - Fortportal Hospital bridge - 1025822,Kabarole,Fortportal Hospital bridge,1025822,Identified,Identified in Needs Assessment,2023,0.656578,30.280525,0,
Uganda - Masongola - 1025821,Kabarole,Masongola,1025821,Identified,Identified in Needs Assessment,2023,0.886076,30.497318,0,
Uganda - Karuhisi - 1025842,Ibanda,Karuhisi,1025842,Identified,Identified in Needs Assessment,2023,-0.148989,30.275841,0,
Uganda - Kyabitambeki - 1022225,Ibanda,Kyabitambeki,1022225,Confirmed,,2023,-0.120476,30.55557,2250,
Uganda - Kakuuto 2 - 1025856,Ibanda,Kakuuto 2,1025856,Identified,Identified in Needs Assessment,2021,-0.043304,30.568234,0,
Uganda - Sooko-Kangoma - 1025837,Ibanda,Sooko-Kangoma,1025837,Identified,Identified in Needs Assessment,2021,0.143866,30.569432,0,
Uganda - Nyakitunga - 1025724,Kabarole,Nyakitunga,1025724,Identified,Identified in Needs Assessment,2021,0.711633,30.212849,0,
Uganda - Mpanga market - 1025823,Kabarole,Mpanga market,1025823,Identified,Identified in Needs Assessment,2023,0.656779,30.278464,0,
Uganda - Kibagha B - 1025732,Kabarole,Kibagha B,1025732,Identified,Identified in Needs Assessment,2023,0.659773,30.166483,0,
Uganda - Nyabuswa-Karambi - 1025712,Kabarole,Nyabuswa-Karambi,1025712,Identified,Identified in Needs Assessment,2021,0.627991,30.166092,0,
Uganda - Mabaale - 1025719,Kabarole,Mabaale,1025719,Identified,Identified in Needs Assessment,2021,0.726088,30.196927,0,
Uganda - Buhesi-Magunga - 1025710,Kabarole,Buhesi-Magunga,1025710,Identified,Identified in Needs Assessment,2021,0.590271,30.203088,0,
Uganda - Kyakagusa- Burunda - 1025717,Kabarole,Kyakagusa- Burunda,1025717,Identified,Identified in Needs Assessment,2023,0.522079,30.333838,0,
Uganda - Nyarukamba B - 1025731,Kabarole,Nyarukamba B,1025731,Identified,Identified in Needs Assessment,2023,0.659984,30.15836,0,
Uganda - Nyabigo - 1025727,Kabarole,Nyabigo,1025727,Identified,Identified in Needs Assessment,2023,0.662644,30.212962,0,
Uganda - Kihwera - 1025729,Kabarole,Kihwera,1025729,Identified,Identified in Needs Assessment,2023,0.657305,30.180105,0,
Uganda - Mituri- Kyamiyaga(Bunyangabu) - 1025711,Kabarole,Mituri- Kyamiyaga(Bunyangabu),1025711,Identified,Identified in Needs Assessment,2023,0.537663,30.258733,0,
Uganda - Mwihira - 1025714,Kabarole,Mwihira,1025714,Identified,Identified in Needs Assessment,2021,0.638828,30.17168,0,
Uganda - Nyankuku - 1025716,Kabarole,Nyankuku,1025716,Identified,Identified in Needs Assessment,2021,0.720146,30.195831,0,
Uganda - Nyakaseke - 1025720,Kabarole,Nyakaseke,1025720,Identified,Identified in Needs Assessment,2021,0.730345,30.206996,0,
Uganda - Bulitukura - 1025722,Kabarole,Bulitukura,1025722,Identified,Identified in Needs Assessment,2021,0.714876,30.220725,0,
Uganda - Harugongo-Kikonge - 1025725,Kabarole,Harugongo-Kikonge,1025725,Identified,Identified in Needs Assessment,2023,0.713138,30.269961,0,
Uganda - Lyesikundu - 1025726,Kabarole,Lyesikundu,1025726,Identified,Identified in Needs Assessment,2023,0.655713,30.206933,0,
Uganda - Kibagha A - 1025730,Kabarole,Kibagha A,1025730,Identified,Identified in Needs Assessment,2023,0.654765,30.166887,0,
Uganda - Mukumbwe-Nsorro - 1025708,Kabarole,Mukumbwe-Nsorro,1025708,Identified,Identified in Needs Assessment,2021,0.612556,30.261805,0,
Uganda - Kamigani A- Mabona zone(Bunyangabu) - 1025713,Kabarole,Kamigani A- Mabona zone(Bunyangabu),1025713,Identified,Identified in Needs Assessment,2023,0.51063,30.266401,0,
Uganda - Bikone-rihone - 1040959,Kasese,Bikone-rihone,1040959,Identified,Requested,2022,0.343992,30.039481,4855,
Uganda - Kyamukanga - 1040948,Hoima,Kyamukanga,1040948,Identified,,2022,1.701329,31.346674,0,
Uganda - Mirambi-Rwobuhungye - 1040953,Ibanda,Mirambi-Rwobuhungye,1040953,Identified,Identified in Needs Assessment,2024,-0.215304,30.454857,0,
Uganda - Kyamukwenda - 1040949,Hoima,Kyamukwenda,1040949,Identified,Identified in Needs Assessment,2022,1.70399,31.337879,0,
Uganda - Kemihoko-Karokarungi - 1025862,Ibanda,Kemihoko-Karokarungi,1025862,Identified,Identified in Needs Assessment,2021,0.040231,30.428799,0,
Uganda - Kagera- Itutwe - 1040945,Buliisa,Kagera- Itutwe,1040945,Identified,Identified in Needs Assessment,2023,1.748715,31.40428,0,
Uganda - Bushoro- kihembya - 1039098,Kanungu,Bushoro- kihembya,1039098,Prospecting,,2023,-0.825728,29.664384,1120,
Uganda - Kayanja 2 - 1039094,Ntoroko,Kayanja 2,1039094,Identified,Identified in Needs Assessment,2023,0.90455,30.169306,1962,
Uganda - Kiruruma B-nyakasura - 1039097,Kanungu,Kiruruma B-nyakasura,1039097,Identified,Identified in Needs Assessment,2023,-0.678368,29.745029,970,
Uganda - Humya-Tokwe - 1013265,Bundibugyo,Humya-Tokwe,1013265,Identified,Identified in Needs Assessment,2017,0.762011,30.042096,2418,
Uganda - Kasuka-Kuka - 1013816,Bundibugyo,Kasuka-Kuka,1013816,Identified,Identified in Needs Assessment,2019,0.622532,30.024661,2300,
Uganda - Bundikawungu West - 1013818,Bundibugyo,Bundikawungu West,1013818,Identified,Identified in Needs Assessment,2019,0.667187,29.994301,5800,
Uganda - Kasuku - 1012971,Bundibugyo,Kasuku,1012971,Identified,Identified in Needs Assessment,2017,0.757341,30.131497,6312,
Uganda - Kabwe-Mutiti - 1013820,Bundibugyo,Kabwe-Mutiti,1013820,Complete,,2022,0.591305,29.988178,5845,
Uganda - Bundibuturo II - 1012959,Bundibugyo,Bundibuturo II,1012959,Identified,Identified in Needs Assessment,2017,0.760931,30.097965,3686,
Uganda - Izinga-Bwizibwera - 1014649,Kasese,Izinga-Bwizibwera,1014649,Identified,Identified in Needs Assessment,2019,0.289855,30.110648,2650,
Uganda - Nabiyil - 1041676,Sironko,Nabiyil,1041676,Identified,Identified in Needs Assessment,2023,1.212911,34.282521,2660,
Uganda - Bumusi B- Nesome - 1041697,Sironko,Bumusi B- Nesome,1041697,Identified,Identified in Needs Assessment,2023,1.166384,34.302711,5550,
Uganda - Maliba 1- Kakindo - 1024493,Kasese,Maliba 1- Kakindo,1024493,Identified,Identified in Needs Assessment,2021,0.320219,30.099614,0,
Uganda - Busibi-Nyamba - 1014454,Kasese,Busibi-Nyamba,1014454,Identified,Identified in Needs Assessment,2019,0.438299,30.160822,12400,
Uganda - Namaitsu- Namunyili - 1042484,Bududa,Namaitsu- Namunyili,1042484,Identified,Identified in Needs Assessment,2023,1.035556,34.33131,4630,
Uganda - Naluza - 1041674,Sironko,Naluza,1041674,Identified,Identified in Needs Assessment,2023,1.145397,34.31849,8900,
Uganda - Buyi - 1041671,Sironko,Buyi,1041671,Identified,Identified in Needs Assessment,2023,1.173063,34.316281,3550,
Uganda - Ruhitta-Butobere - 1042838,Kabale,Ruhitta-Butobere,1042838,Identified,Identified in Needs Assessment,2024,-1.255263,30.013541,9850,
Uganda - Lubumbwa - 1041691,Sironko,Lubumbwa,1041691,Identified,Identified in Needs Assessment,2023,1.160015,34.224552,1740,
Uganda - Lwele - 1041690,Sironko,Lwele,1041690,Identified,Identified in Needs Assessment,2023,1.163242,34.213449,6270,
Uganda - Nakayomba - 1041672,Sironko,Nakayomba,1041672,Identified,Identified in Needs Assessment,2023,1.1851,34.315728,8100,
Uganda - Bisali- Bunabuka - 1041692,Sironko,Bisali- Bunabuka,1041692,Identified,Identified in Needs Assessment,2023,1.161706,34.234087,1600,
Uganda - Tasale - 1041669,Sironko,Tasale,1041669,Identified,Identified in Needs Assessment,2023,1.167008,34.349596,6800,
Uganda - Kikolo-Wesamoyo - 1041678,Sironko,Kikolo-Wesamoyo,1041678,Identified,Identified in Needs Assessment,2023,1.123474,34.246471,1300,
Uganda - Busima-Cosma - 1041677,Sironko,Busima-Cosma,1041677,Identified,Identified in Needs Assessment,2023,1.157264,34.341365,7100,
Uganda - Womulima - 1041663,Sironko,Womulima,1041663,Identified,Identified in Needs Assessment,2023,1.192754,34.303422,5140,
Uganda - Gizamba - 1041673,Sironko,Gizamba,1041673,Identified,Identified in Needs Assessment,2023,1.165978,34.32522,2700,
Uganda - Wandulu - 1041675,Sironko,Wandulu,1041675,Identified,Identified in Needs Assessment,2023,1.164852,34.313523,3320,
Uganda - Semei - 1041668,Sironko,Semei,1041668,Identified,Identified in Needs Assessment,2023,1.197519,34.332623,5750,
Uganda - Buhatelema- Aminiti - 1042486,Bulambuli,Buhatelema- Aminiti,1042486,Rejected,Technical,2023,1.299356,34.241369,80,
Uganda - Omumasaka A B - Kagando B - 1043209,Rubirizi,Omumasaka A B - Kagando B,1043209,Identified,Identified in Needs Assessment,2024,-0.210364,30.117034,3500,
Uganda - Kitaraka - 1042644,Rukiga,Kitaraka,1042644,Identified,Identified in Needs Assessment,2024,-1.128105,30.046796,2350,
Uganda - Nyamirima II- Nyamirima I - 1043213,Rubirizi,Nyamirima II- Nyamirima I,1043213,Identified,Identified in Needs Assessment,2024,-0.179176,30.184132,1200,
Uganda - Nyamirima III - 1043215,Rubirizi,Nyamirima III,1043215,Identified,Identified in Needs Assessment,2024,-0.186953,30.193561,960,
Uganda - Gwakahuku-Kitabulaza - 1042751,Rukiga,Gwakahuku-Kitabulaza,1042751,Identified,Identified in Needs Assessment,2024,-1.17414,30.112372,1250,
Uganda - Nyakafura - 1042649,Rukiga,Nyakafura,1042649,Identified,Identified in Needs Assessment,2024,-1.186281,30.077927,1220,
Uganda - Katehe- Nyakajera - 1043210,Rubirizi,Katehe- Nyakajera,1043210,Identified,Identified in Needs Assessment,2024,-0.184768,30.238954,6490,
Uganda - Lyamunjungu- Hamurambi - 1042837,Kabale,Lyamunjungu- Hamurambi,1042837,Identified,Identified in Needs Assessment,2024,-1.272252,30.084182,1650,
Uganda - Rushomo - 1042845,Kabale,Rushomo,1042845,Identified,Identified in Needs Assessment,2024,-1.364208,30.05749,2950,
Uganda - Kigara B - 1042650,Rukiga,Kigara B,1042650,Identified,Identified in Needs Assessment,2024,-1.203869,30.208881,2100,
Uganda - Katookye - 1042834,Kabale,Katookye,1042834,Identified,Identified in Needs Assessment,2024,-1.2693,30.029745,52000,
Uganda - Chabbi - 1012681,Bundibugyo,Chabbi,1012681,Rejected,Technical,2017,0.685106,29.994055,,9363
Uganda - Bundimulinga - 1012682,Bundibugyo,Bundimulinga,1012682,Rejected,Technical,2017,0.672921,29.996975,13000,12435
Uganda - Rwenzori High - 1036863,Kasese,Rwenzori High,1036863,Identified,Identified in Needs Assessment,2021,0.321051,30.080091,0,
Uganda - Kitakena - 1036864,Kasese,Kitakena,1036864,Identified,Identified in Needs Assessment,2021,0.337792,30.083578,0,
Uganda - Kyanika-Nyambuku - 1036862,Kasese,Kyanika-Nyambuku,1036862,Identified,Identified in Needs Assessment,2021,0.36593,30.05262,0,
Uganda - Nkombe 1 - Kanyambiriri - 1022219,Rubirizi,Nkombe 1 - Kanyambiriri,1022219,Identified,Identified in Needs Assessment,2020,-0.350505,30.095959,900,
Uganda - Nyarutojjo-Ruhitta - 1042843,Kabale,Nyarutojjo-Ruhitta,1042843,Identified,Identified in Needs Assessment,2024,-1.328158,30.070879,2500,
Uganda - Nayinza-Bunabumali - 1042483,Bududa,Nayinza-Bunabumali,1042483,Identified,Identified in Needs Assessment,2023,0.999995,34.387808,2800,
Uganda - Kirongo - Nangunga - 1042485,Sironko,Kirongo - Nangunga,1042485,Identified,Identified in Needs Assessment,2023,,,4250,
Uganda - Nyakisa-kiruhura - 1042648,Rukiga,Nyakisa-kiruhura,1042648,Identified,Identified in Needs Assessment,2024,-1.255834,30.191232,710,
Uganda - Nyangorogoro 1 - Kashyoha kitomi forest Reserve - 1043212,Rubirizi,Nyangorogoro 1 - Kashyoha kitomi forest Reserve,1043212,Identified,Identified in Needs Assessment,2024,-0.261692,30.147177,420,
Uganda - KIBIRIGHA  2  KALONGE - 1036944,Kasese,KIBIRIGHA  2  KALONGE,1036944,Identified,Identified in Needs Assessment,2023,0.175244,29.964349,0,
Uganda - KANGOTI GOLINGO - 1036942,Kasese,KANGOTI GOLINGO,1036942,Identified,Identified in Needs Assessment,2023,0.161423,29.930593,0,
Uganda - KASABU - 1036947,Kasese,KASABU,1036947,Identified,Identified in Needs Assessment,2023,0.108615,29.73604,0,
Uganda - Nyakabiira - 1036927,Kasese,Nyakabiira,1036927,Identified,Identified in Needs Assessment,2021,0.372515,30.047468,0,
Uganda - Kyambara-Mahango - 1036928,Kasese,Kyambara-Mahango,1036928,Identified,Identified in Needs Assessment,2021,0.141642,29.994049,0,
Uganda - KABIKENGE - 1036943,Kasese,KABIKENGE,1036943,Identified,Identified in Needs Assessment,2023,0.177334,29.965499,0,
Uganda - KABUGHABUGHAE  CHURCH - 1036939,Kasese,KABUGHABUGHAE  CHURCH,1036939,Identified,Identified in Needs Assessment,2023,0.141358,29.934607,0,
Uganda - Kyamuduma 2 - 1036929,Kasese,Kyamuduma 2,1036929,Identified,Identified in Needs Assessment,2021,0.125503,29.992582,0,
Uganda - Kahokya-Kalere - 1036930,Kasese,Kahokya-Kalere,1036930,Identified,Identified in Needs Assessment,2021,0.051144,29.960176,0,
Uganda - Rutoke - 1036933,Kasese,Rutoke,1036933,Identified,Identified in Needs Assessment,2021,0.078397,30.049194,0,
Uganda - Kisongora - 1036935,Kasese,Kisongora,1036935,Identified,Identified in Needs Assessment,2021,0.094882,30.029107,0,
Uganda - KIBIRIGHA  _ KITABONA - 1036946,Kasese,KIBIRIGHA  _ KITABONA,1036946,Identified,Identified in Needs Assessment,2023,0.155498,29.965507,0,
Uganda - Ruboni-Kinyuku - 1036925,Kasese,Ruboni-Kinyuku,1036925,Identified,Identified in Needs Assessment,2021,0.343463,30.040405,0,
Uganda - Katonzi-Kihara - 1036932,Kasese,Katonzi-Kihara,1036932,Rejected,Technical,2021,0.190383,30.063418,0,
Uganda - Kikeri - 1036934,Kasese,Kikeri,1036934,Identified,Identified in Needs Assessment,2021,0.076227,30.050705,0,
Uganda - Kahokya-Kabiriti - 1036931,Kasese,Kahokya-Kabiriti,1036931,Identified,Identified in Needs Assessment,2021,0.068152,29.957458,0,
Uganda - Nafunani - 1012301,Bududa,Nafunani,1012301,Identified,Identified in Needs Assessment,2017,1.047861,34.415942,885,8648
Uganda - Masiu - 1012053,Bududa,Masiu,1012053,Identified,Identified in Needs Assessment,2017,1.00796,34.27496,1180,13562
Uganda - Lulwo - 1011066,Bukwo,Lulwo,1011066,Complete,In Service,2019,1.304767,34.811307,1626,417
Uganda - Bunadasa - 1011492,Sironko,Bunadasa,1011492,Identified,Identified in Needs Assessment,2018,,,1000,
Uganda - Ruboni-kyambowu - 1038158,Kasese,Ruboni-kyambowu,1038158,Identified,Identified in Needs Assessment,2022,0.338746,30.031664,6046,
Uganda - Kaptolomongon Bridge - 1011061,Bukwa,Kaptolomongon Bridge,1011061,Identified,Identified in Needs Assessment,2017,1.21992,34.796031,5500,422
Uganda - Kurongur - 1011062,Bukwo,Kurongur,1011062,Rejected,Technical,2017,1.218214,34.744174,960,1545
Uganda - Karimukwon - 1011064,Bukwa,Karimukwon,1011064,Rejected,Technical,2017,1.243162,34.74399,2500,4793
Uganda - ISANGO- KAMUKUMBI - 1036948,Kasese,ISANGO- KAMUKUMBI,1036948,Identified,Identified in Needs Assessment,2023,0.000133,29.738337,0,
Uganda - Ruboni-Kyambogho - 1036926,Kasese,Ruboni-Kyambogho,1036926,Complete,,2022,0.338481,30.031165,6046,
Uganda - MUSYANGENDO - 1036940,Kasese,MUSYANGENDO,1036940,Identified,Identified in Needs Assessment,2023,0.145386,29.932185,0,
Uganda - KIBIRIGHA 2 _ MUTAMBI - 1036945,Kasese,KIBIRIGHA 2 _ MUTAMBI,1036945,Identified,Identified in Needs Assessment,2023,0.165684,29.964487,0,
Uganda - MUGHANZA  TRADING CENTRE - 1036941,Kasese,MUGHANZA  TRADING CENTRE,1036941,Identified,Identified in Needs Assessment,2023,0.149982,29.929437,0,
Uganda - Leo - 1036936,Kasese,Leo,1036936,Identified,Identified in Needs Assessment,2021,0.095169,30.028037,0,
Uganda - KYAKORA BUKANGARA - 1036938,Kasese,KYAKORA BUKANGARA,1036938,Identified,Identified in Needs Assessment,2023,0.134302,29.939336,0,
Uganda - BUKANGARA  KASANGA CELL - 1036937,Kasese,BUKANGARA  KASANGA CELL,1036937,Identified,Identified in Needs Assessment,2023,0.131058,29.945631,0,
Uganda - Koibei - 1011063,Bukwa,Koibei,1011063,Rejected,Technical,2017,1.255086,34.764555,1400,3417
Uganda - Sosho - 1011065,Bukwa,Sosho,1011065,Identified,Identified in Needs Assessment,2017,1.280618,34.718628,5300,7422
Uganda - Kapnandi Bridge - 1011060,Bukwa,Kapnandi Bridge,1011060,Identified,Identified in Needs Assessment,2017,1.227725,34.80482,28000,657
Uganda - Mwongera 2- kakari 2 - 1022224,Rubirizi,Mwongera 2- kakari 2,1022224,Identified,Identified in Needs Assessment,2020,-0.182909,30.200091,2783,
Uganda - Tokwe - 1044916,Bundibugyo,Tokwe,1044916,Identified,Requested,2024,0.681724,30.069598,2200,